category,id,name,description,price,price_full,available,show,tags,image_url,notes
Fried Rice,fried-rice-chicken,Chicken,Served with chilli paste and gravy,750,950,TRUE,TRUE,,,
Fried Rice,fried-rice-egg,Egg,Served with chilli paste and gravy,650,850,TRUE,TRUE,,,
Fried Rice,fried-rice-seafood-mix,Seafood Mix,"Prawns, fish and cuttlefish",980,1200,TRUE,TRUE,,,
Fried Rice,fried-rice-mix,Mix,"Chicken, sausages, prawns, fish and cuttlefish",1100,1300,TRUE,TRUE,,,
Fried Rice,fried-rice-mix-beef-pork,"Mix, Beef or Pork","Chicken, sausages, prawns, fish, cuttlefish and a choice of beef or pork",1250,1450,TRUE,TRUE,,,
Noodles,noodles-chicken,Chicken,Served with chilli paste and gravy,750,950,TRUE,TRUE,,,
Noodles,noodles-egg,Egg,Served with chilli paste and gravy,650,800,TRUE,TRUE,,,
Noodles,noodles-seafood-mix,Seafood Mix,"Prawns, fish and cuttlefish",980,1250,TRUE,TRUE,,,
Noodles,noodles-mix,Mix,"Chicken, sausages, prawns, fish and cuttlefish",1100,1300,TRUE,TRUE,,,
Noodles,noodles-mix-beef-pork,"Mix, Beef or Pork","Chicken, sausages, prawns, fish, cuttlefish and a choice of beef or pork",1250,1450,TRUE,TRUE,,,
Kottu Roti,kottu-chicken,Chicken,Served with chilli paste and gravy,750,950,TRUE,TRUE,,,
Kottu Roti,kottu-egg,Egg,Served with chilli paste and gravy,650,800,TRUE,TRUE,,,
Kottu Roti,kottu-beef,Beef,Served with chilli paste and gravy,1000,1300,TRUE,TRUE,,,
String Hopper Kottu,sh-kottu-chicken,Chicken,Served with chilli paste and gravy,700,850,TRUE,TRUE,,,
String Hopper Kottu,sh-kottu-egg,Egg,Served with chilli paste and gravy,650,800,TRUE,TRUE,,,
String Hopper Kottu,sh-kottu-beef,Beef,Served with chilli paste and gravy,950,1200,TRUE,TRUE,,,
Cheese Kottu,cheese-kottu-chicken,Chicken,Served with chilli paste and gravy,950,1350,TRUE,TRUE,,,
Cheese Kottu,cheese-kottu-authentic,Authentic,Served with chilli paste and gravy,800,1000,TRUE,TRUE,,,
Special Dishes,special-nasi-goreng,Nasi Goreng,"Grilled chicken thigh, fried egg, vegetable salad and prawn crackers",1500,,TRUE,TRUE,,,
Special Dishes,special-mongolian-rice,Mongolian Rice,"Grilled chicken thigh, fried egg, vegetable salad and prawn crackers",1500,,TRUE,TRUE,,,
Special Dishes,special-nai-miris-rice,Nai Miris Rice,Chicken fried rice served with chilli paste and gravy,1300,,TRUE,TRUE,,,
Devilled Dishes,devilled-chicken,Chicken,,1000,,TRUE,TRUE,,,
Devilled Dishes,devilled-fish,Fish,,1100,,TRUE,TRUE,,,
Devilled Dishes,devilled-sausage,Sausage,,1000,,TRUE,TRUE,,,
Devilled Dishes,devilled-beef,Beef,,1500,,TRUE,TRUE,,,
Devilled Dishes,devilled-pork,Pork,,1550,,TRUE,TRUE,,,
Devilled Dishes,devilled-gizzard,Gizzard,,900,,TRUE,TRUE,,,
Stew,stew-chicken,Chicken,,1000,,TRUE,TRUE,,,
Stew,stew-fish,Fish,,1100,,TRUE,TRUE,,,
Stew,stew-gizzard,Gizzard,,900,,TRUE,TRUE,,,
Stew,stew-beef,Beef,,1500,,TRUE,TRUE,,,
Stew,stew-pork,Pork,,1550,,TRUE,TRUE,,,
Fried,fried-chicken,Chicken,,1000,,TRUE,TRUE,,,
Fried,fried-fish,Fish,,1100,,TRUE,TRUE,,,
Fried,fried-gizzard,Gizzard,,900,,TRUE,TRUE,,,
Fried,fried-french-fries,French Fries,,1200,,TRUE,TRUE,,,
Fried,fried-sausage,Sausage,,1000,,TRUE,TRUE,,,
Pepper Fried,pepper-fried-chicken,Chicken,,1000,,TRUE,TRUE,,,
Pepper Fried,pepper-fried-fish,Fish,,1100,,TRUE,TRUE,,,
Pepper Fried,pepper-fried-gizzard,Gizzard,,900,,TRUE,TRUE,,,
Pepper Fried,pepper-fried-beef,Beef,,1500,,TRUE,TRUE,,,
Pepper Fried,pepper-fried-pork,Pork,,1500,,TRUE,TRUE,,,
Breakfast,breakfast-chicken,Chicken,Rice and curry,480,,TRUE,TRUE,,,
Breakfast,breakfast-fish,Fish,Rice and curry,450,,TRUE,TRUE,,,
Breakfast,breakfast-egg,Egg,Rice and curry,400,,TRUE,TRUE,,,
Breakfast,breakfast-vegetable,Vegetable,Rice and curry,350,,TRUE,TRUE,,,
Lunch,lunch-chicken,Chicken,Rice and curry,580,,TRUE,TRUE,,,
Lunch,lunch-fish,Fish,Rice and curry,500,,TRUE,TRUE,,,
Lunch,lunch-egg,Egg,Rice and curry,450,,TRUE,TRUE,,,
Lunch,lunch-vegetable,Vegetable,Rice and curry,400,,TRUE,TRUE,,,
Add-ons,addon-bullseye-egg,Bullseye Egg,,80,,TRUE,TRUE,,,
Add-ons,addon-boiled-egg,Boiled Egg,,70,,TRUE,TRUE,,,
Add-ons,addon-omelette,Omelette,,100,,TRUE,TRUE,,,
Add-ons,addon-fried-egg,Fried Egg,,80,,TRUE,FALSE,,,Hidden until the client confirms how it differs from Bullseye Egg
Add-ons,addon-extra-curry,Extra Curry,,100,,TRUE,TRUE,,,
Add-ons,addon-pol-sambol,Pol Sambol,,40,,TRUE,TRUE,,,
Add-ons,addon-dhal-curry,Dhal Curry,,80,,TRUE,TRUE,,,
Add-ons,addon-chicken-curry,Chicken Curry,,200,,TRUE,TRUE,,,
Add-ons,addon-fish-curry,Fish Curry,,240,,TRUE,TRUE,,,
Add-ons,addon-fish-white-curry,Fish White Curry,,230,,TRUE,TRUE,,,
Add-ons,addon-fried-fish,Fried Fish,,250,,TRUE,TRUE,,,
Add-ons,addon-string-hoppers,String Hoppers,10 pieces,110,,TRUE,TRUE,,,
Add-ons,addon-hopper,Hopper,,30,,TRUE,TRUE,,,
Add-ons,addon-egg-hopper,Egg Hopper,,100,,TRUE,TRUE,,,
Add-ons,addon-parata,Parata,,50,,TRUE,TRUE,,,
Add-ons,addon-egg-roti,Egg Roti,,100,,TRUE,TRUE,,,
Add-ons,addon-gravy,Gravy,,70,,TRUE,TRUE,,,
Add-ons,addon-plain-noodles,Plain Noodles,,150,,TRUE,TRUE,,,
Add-ons,addon-fried-chicken,Fried Chicken,,250,,TRUE,TRUE,,,
Short Eats,short-eats-chicken-roll,Chicken Roll,,,,TRUE,TRUE,,,No price on the handwritten list. Confirm.
Short Eats,short-eats-egg-pastry,Egg Pastry,,130,,TRUE,TRUE,,,
Short Eats,short-eats-fish-pastry,Fish Pastry,,140,,TRUE,TRUE,,,
Short Eats,short-eats-parippu-wade,Parippu Wade,,60,,TRUE,TRUE,,,
Short Eats,short-eats-udu-wade,Udu Wade,,80,,TRUE,TRUE,,,
Short Eats,short-eats-fish-bun,Fish Bun,,60,,TRUE,TRUE,,,
Short Eats,short-eats-tea-bun,Tea Bun,,70,,TRUE,TRUE,,,
Short Eats,short-eats-chicken-bun,Chicken Bun,,80,,TRUE,TRUE,,,
Short Eats,short-eats-egg-bun,Egg Bun,,140,,TRUE,TRUE,,,
Short Eats,short-eats-egg-patties,Egg Patties,,90,,TRUE,TRUE,,,
Short Eats,short-eats-fish-roll,Fish Roll,,100,,TRUE,TRUE,,,
Short Eats,short-eats-chicken-pastry,Chicken Pastry,,160,,TRUE,TRUE,,,
Short Eats,short-eats-chicken-shawarma,Chicken Shawarma,,250,,TRUE,TRUE,,,
Short Eats,short-eats-seeni-sambol-bun,Seeni Sambol Bun,,80,,TRUE,TRUE,,,
Short Eats,short-eats-devilled-chicken-bun,Devilled Chicken Bun,,,,TRUE,TRUE,,,No price on the handwritten list. Confirm.
Short Eats,short-eats-crocodile-bun,Crocodile Bun,,80,,TRUE,TRUE,,,
Short Eats,short-eats-sausage-bun,Sausage Bun,,100,,TRUE,TRUE,,,
